Matheus Carvalho, orammath@live.com
Renan Silva de Araújo, renanziin157@hotmail.com
Rodrigo Moliterno, rodrigomoliterno2015@gmail.com
Mateus Louzada de Carvalho, mateuslouzada01@gmail.com
Diogo Ataíde, diogo.ataidee@gmail.com
Gustavo Ruhena, gustavoruhena@gmail.com
Gabriel Bertges, bertgesgabriel@gmail.com